sweep,label,generator,n,requested_threads,omp_schedule,omp_chunk,repetitions,warmup,min_seconds,median_seconds,mean_seconds,max_seconds,estimated_flops,median_gflops,matrix_bytes,matrix_mib
schedule_study,cholesky_v4_parallel_opt_static_default,corr,1024,4,static,0,7,1,0.038991484,0.039175321,0.039954884,0.042082256,357913941.333333313,9.136209537,8388608.000000000,8.000000000
schedule_study,cholesky_v4_parallel_opt_static_c1,corr,1024,4,static,1,7,1,0.037808723,0.039520828,0.038987788,0.039790916,357913941.333333313,9.056337113,8388608.000000000,8.000000000
schedule_study,cholesky_v4_parallel_opt_static_c8,corr,1024,4,static,8,7,1,0.040574141,0.040757603,0.041230443,0.043604689,357913941.333333313,8.781525777,8388608.000000000,8.000000000
schedule_study,cholesky_v4_parallel_opt_dynamic_c1,corr,1024,4,dynamic,1,7,1,0.033641463,0.034664449,0.037355294,0.050631859,357913941.333333313,10.325101124,8388608.000000000,8.000000000
schedule_study,cholesky_v4_parallel_opt_dynamic_c8,corr,1024,4,dynamic,8,7,1,0.038149715,0.039690948,0.040061267,0.041906333,357913941.333333313,9.017520603,8388608.000000000,8.000000000
schedule_study,cholesky_v4_parallel_opt_guided_c1,corr,1024,4,guided,1,7,1,0.027097721,0.028464646,0.035686614,0.055188900,357913941.333333313,12.573981821,8388608.000000000,8.000000000
schedule_study,cholesky_v4_parallel_opt_guided_c8,corr,1024,4,guided,8,7,1,0.039813657,0.040471236,0.040767115,0.042800017,357913941.333333313,8.843662233,8388608.000000000,8.000000000
