sweep,label,generator,n,requested_threads,omp_schedule,omp_chunk,repetitions,warmup,min_seconds,median_seconds,mean_seconds,max_seconds,estimated_flops,median_gflops,matrix_bytes,matrix_mib
thread_scaling,cholesky_v1_serial_opt_t1,corr,1024,1,static,0,7,1,0.143010317,0.144158987,0.143897574,0.144327846,357913941.333333313,2.482772311,8388608.000000000,8.000000000
thread_scaling,cholesky_v1_serial_opt_t2,corr,1024,2,static,0,7,1,0.142793757,0.143373183,0.145045649,0.151330913,357913941.333333313,2.496379963,8388608.000000000,8.000000000
thread_scaling,cholesky_v1_serial_opt_t4,corr,1024,4,static,0,7,1,0.142057912,0.143231592,0.143084060,0.143934224,357913941.333333313,2.498847750,8388608.000000000,8.000000000
thread_scaling,cholesky_v1_serial_opt_t16,corr,1024,16,static,0,7,1,0.142576824,0.143988663,0.145531897,0.150920616,357913941.333333313,2.485709179,8388608.000000000,8.000000000
thread_scaling,cholesky_v1_serial_opt_t32,corr,1024,32,static,0,7,1,0.143815970,0.144810166,0.144878178,0.146803124,357913941.333333313,2.471607838,8388608.000000000,8.000000000
