sweep,label,generator,n,requested_threads,omp_schedule,omp_chunk,repetitions,warmup,min_seconds,median_seconds,mean_seconds,max_seconds,estimated_flops,median_gflops,matrix_bytes,matrix_mib
schedule_study,cholesky_v3_openmp_static_default,corr,1024,4,static,0,7,1,0.043213340,0.043224780,0.043227690,0.043260198,357913941.333333313,8.280295269,8388608.000000000,8.000000000
schedule_study,cholesky_v3_openmp_static_c1,corr,1024,4,static,1,7,1,0.043207839,0.043225220,0.043292148,0.043637785,357913941.333333313,8.280210982,8388608.000000000,8.000000000
schedule_study,cholesky_v3_openmp_static_c8,corr,1024,4,static,8,7,1,0.043212917,0.043224603,0.043223588,0.043233550,357913941.333333313,8.280329176,8388608.000000000,8.000000000
schedule_study,cholesky_v3_openmp_dynamic_c1,corr,1024,4,dynamic,1,7,1,0.043209000,0.043226268,0.043223548,0.043240965,357913941.333333313,8.280010232,8388608.000000000,8.000000000
schedule_study,cholesky_v3_openmp_dynamic_c8,corr,1024,4,dynamic,8,7,1,0.043209174,0.043226163,0.043223033,0.043231526,357913941.333333313,8.280030345,8388608.000000000,8.000000000
schedule_study,cholesky_v3_openmp_guided_c1,corr,1024,4,guided,1,7,1,0.043212228,0.043218675,0.043221420,0.043236552,357913941.333333313,8.281464930,8388608.000000000,8.000000000
schedule_study,cholesky_v3_openmp_guided_c8,corr,1024,4,guided,8,7,1,0.043206873,0.043227494,0.043225957,0.043244952,357913941.333333313,8.279775398,8388608.000000000,8.000000000
