sweep,label,generator,n,requested_threads,repetitions,warmup,min_seconds,median_seconds,mean_seconds,max_seconds,estimated_flops,median_gflops,matrix_bytes,matrix_mib
thread_scaling,cholesky_v3_openmp_t1,corr,1024,1,7,1,0.093199227,0.093215071,0.093218699,0.093233344,357913941.333333313,3.839657445,8388608.000000000,8.000000000
thread_scaling,cholesky_v3_openmp_t2,corr,1024,2,7,1,0.072064769,0.072083806,0.072085799,0.072116727,357913941.333333313,4.965247553,8388608.000000000,8.000000000
thread_scaling,cholesky_v3_openmp_t4,corr,1024,4,7,1,0.044974207,0.045130568,0.048418478,0.064737315,357913941.333333313,7.930632323,8388608.000000000,8.000000000
thread_scaling,cholesky_v3_openmp_t16,corr,1024,16,7,1,0.203851534,0.211695040,0.243131426,0.299163366,357913941.333333313,1.690705372,8388608.000000000,8.000000000
thread_scaling,cholesky_v3_openmp_t32,corr,1024,32,7,1,0.695599825,0.703671678,0.742206596,0.802077824,357913941.333333313,0.508637696,8388608.000000000,8.000000000
