sweep,label,generator,n,requested_threads,omp_schedule,omp_chunk,repetitions,warmup,min_seconds,median_seconds,mean_seconds,max_seconds,estimated_flops,median_gflops,matrix_bytes,matrix_mib
schedule_study,cholesky_v2_serial_blocked_static_default,corr,1024,4,static,0,7,1,0.093990081,0.094002757,0.094063151,0.094223277,357913941.333333313,3.807483448,8388608.000000000,8.000000000
schedule_study,cholesky_v2_serial_blocked_static_c1,corr,1024,4,static,1,7,1,0.093986404,0.093999627,0.094030824,0.094226129,357913941.333333313,3.807610229,8388608.000000000,8.000000000
schedule_study,cholesky_v2_serial_blocked_static_c8,corr,1024,4,static,8,7,1,0.093980660,0.094006365,0.094059965,0.094216548,357913941.333333313,3.807337315,8388608.000000000,8.000000000
schedule_study,cholesky_v2_serial_blocked_dynamic_c1,corr,1024,4,dynamic,1,7,1,0.093979001,0.094020497,0.094043348,0.094235772,357913941.333333313,3.806765043,8388608.000000000,8.000000000
schedule_study,cholesky_v2_serial_blocked_dynamic_c8,corr,1024,4,dynamic,8,7,1,0.093987947,0.093994767,0.094062704,0.094245802,357913941.333333313,3.807807102,8388608.000000000,8.000000000
schedule_study,cholesky_v2_serial_blocked_guided_c1,corr,1024,4,guided,1,7,1,0.093983290,0.093991989,0.093990999,0.093996318,357913941.333333313,3.807919644,8388608.000000000,8.000000000
schedule_study,cholesky_v2_serial_blocked_guided_c8,corr,1024,4,guided,8,7,1,0.093986305,0.093999427,0.094031776,0.094214231,357913941.333333313,3.807618331,8388608.000000000,8.000000000
